,Wk,Day,Date,Time,Home,Score,Away,Attendance,Venue,Referee,Match Report,Notes
0,1.0,Sat,2015-08-08,12:45,Manchester Utd,1–0,Tottenham,75261.0,Old Trafford,Jonathan Moss,Match Report,
1,1.0,Sat,2015-08-08,15:00,Norwich City,1–3,Crystal Palace,27036.0,Carrow Road,Simon Hooper,Match Report,
2,1.0,Sat,2015-08-08,15:00,Leicester City,4–2,Sunderland,32242.0,King Power Stadium,Lee Mason,Match Report,
3,1.0,Sat,2015-08-08,15:00,Everton,2–2,Watford,39063.0,Goodison Park,Mike Jones,Match Report,
4,1.0,Sat,2015-08-08,15:00,Bournemouth,0–1,Aston Villa,11155.0,Vitality Stadium,Mark Clattenburg,Match Report,
5,1.0,Sat,2015-08-08,17:30,Chelsea,2–2,Swansea City,41232.0,Stamford Bridge,Michael Oliver,Match Report,
6,1.0,Sun,2015-08-09,13:30,Newcastle Utd,2–2,Southampton,49019.0,St. James' Park,Craig Pawson,Match Report,
7,1.0,Sun,2015-08-09,13:30,Arsenal,0–2,West Ham,59996.0,Emirates Stadium,Martin Atkinson,Match Report,
8,1.0,Sun,2015-08-09,16:00,Stoke City,0–1,Liverpool,27654.0,Bet365 Stadium,Anthony Taylor,Match Report,
9,1.0,Mon,2015-08-10,20:00,West Brom,0–3,Manchester City,24564.0,The Hawthorns,Mike Dean,Match Report,
10,,,,,,,,,,,,
11,2.0,Fri,2015-08-14,19:45,Aston Villa,0–1,Manchester Utd,42200.0,Villa Park,Mike Dean,Match Report,
12,2.0,Sat,2015-08-15,12:45,Southampton,0–3,Everton,30966.0,St. Mary's Stadium,Michael Oliver,Match Report,
13,2.0,Sat,2015-08-15,15:00,Sunderland,1–3,Norwich City,41379.0,Stadium of Light,Kevin Friend,Match Report,
14,2.0,Sat,2015-08-15,15:00,Watford,0–0,West Brom,20011.0,Vicarage Road Stadium,Paul Tierney,Match Report,
15,2.0,Sat,2015-08-15,15:00,West Ham,1–2,Leicester City,34857.0,Boleyn Ground,Anthony Taylor,Match Report,
16,2.0,Sat,2015-08-15,15:00,Swansea City,2–0,Newcastle Utd,20678.0,Liberty Stadium,Mike Jones,Match Report,
17,2.0,Sat,2015-08-15,15:00,Tottenham,2–2,Stoke City,36004.0,White Hart Lane,Robert Madley,Match Report,
18,2.0,Sun,2015-08-16,13:30,Crystal Palace,1–2,Arsenal,24732.0,Selhurst Park,Lee Mason,Match Report,
19,2.0,Sun,2015-08-16,16:00,Manchester City,3–0,Chelsea,54331.0,Etihad Stadium,Martin Atkinson,Match Report,
20,2.0,Mon,2015-08-17,20:00,Liverpool,1–0,Bournemouth,44102.0,Anfield,Craig Pawson,Match Report,
21,,,,,,,,,,,,
22,3.0,Sat,2015-08-22,12:45,Manchester Utd,0–0,Newcastle Utd,75354.0,Old Trafford,Craig Pawson,Match Report,
23,3.0,Sat,2015-08-22,15:00,Leicester City,1–1,Tottenham,31971.0,King Power Stadium,Martin Atkinson,Match Report,
24,3.0,Sat,2015-08-22,15:00,Crystal Palace,2–1,Aston Villa,25295.0,Selhurst Park,Keith Stroud,Match Report,
25,3.0,Sat,2015-08-22,15:00,Norwich City,1–1,Stoke City,26771.0,Carrow Road,Mike Dean,Match Report,
26,3.0,Sat,2015-08-22,15:00,West Ham,3–4,Bournemouth,34977.0,Boleyn Ground,Jonathan Moss,Match Report,
27,3.0,Sat,2015-08-22,15:00,Sunderland,1–1,Swansea City,39198.0,Stadium of Light,Niel Swarbrick,Match Report,
28,3.0,Sun,2015-08-23,13:30,West Brom,2–3,Chelsea,23256.0,The Hawthorns,Mark Clattenburg,Match Report,
29,3.0,Sun,2015-08-23,16:00,Watford,0–0,Southampton,20166.0,Vicarage Road Stadium,Andre Marriner,Match Report,
30,3.0,Sun,2015-08-23,16:00,Everton,0–2,Manchester City,38523.0,Goodison Park,Anthony Taylor,Match Report,
31,3.0,Mon,2015-08-24,20:00,Arsenal,0–0,Liverpool,60080.0,Emirates Stadium,Michael Oliver,Match Report,
32,,,,,,,,,,,,
33,4.0,Sat,2015-08-29,12:45,Newcastle Utd,0–1,Arsenal,50388.0,St. James' Park,Andre Marriner,Match Report,
34,4.0,Sat,2015-08-29,15:00,Chelsea,1–2,Crystal Palace,41581.0,Stamford Bridge,Craig Pawson,Match Report,
35,4.0,Sat,2015-08-29,15:00,Bournemouth,1–1,Leicester City,11155.0,Vitality Stadium,Niel Swarbrick,Match Report,
36,4.0,Sat,2015-08-29,15:00,Stoke City,0–1,West Brom,26747.0,Bet365 Stadium,Michael Oliver,Match Report,
37,4.0,Sat,2015-08-29,15:00,Liverpool,0–3,West Ham,43680.0,Anfield,Kevin Friend,Match Report,
38,4.0,Sat,2015-08-29,15:00,Aston Villa,2–2,Sunderland,35399.0,Villa Park,Robert Madley,Match Report,
39,4.0,Sat,2015-08-29,15:00,Manchester City,2–0,Watford,53218.0,Etihad Stadium,Mark Clattenburg,Match Report,
40,4.0,Sat,2015-08-29,17:30,Tottenham,0–0,Everton,35865.0,White Hart Lane,Mike Jones,Match Report,
41,4.0,Sun,2015-08-30,13:30,Southampton,3–0,Norwich City,29573.0,St. Mary's Stadium,Jonathan Moss,Match Report,
42,4.0,Sun,2015-08-30,16:00,Swansea City,2–1,Manchester Utd,20828.0,Liberty Stadium,Martin Atkinson,Match Report,
43,,,,,,,,,,,,
44,5.0,Sat,2015-09-12,12:45,Everton,3–1,Chelsea,38311.0,Goodison Park,Andre Marriner,Match Report,
45,5.0,Sat,2015-09-12,15:00,Norwich City,3–1,Bournemouth,27018.0,Carrow Road,Martin Atkinson,Match Report,
46,5.0,Sat,2015-09-12,15:00,Arsenal,2–0,Stoke City,59963.0,Emirates Stadium,Jonathan Moss,Match Report,
47,5.0,Sat,2015-09-12,15:00,Watford,1–0,Swansea City,20057.0,Vicarage Road Stadium,Robert Madley,Match Report,
48,5.0,Sat,2015-09-12,15:00,West Brom,0–0,Southampton,24265.0,The Hawthorns,Stuart Attwell,Match Report,
49,5.0,Sat,2015-09-12,15:00,Crystal Palace,0–1,Manchester City,25167.0,Selhurst Park,Mike Jones,Match Report,
50,5.0,Sat,2015-09-12,17:30,Manchester Utd,3–1,Liverpool,75347.0,Old Trafford,Michael Oliver,Match Report,
51,5.0,Sun,2015-09-13,13:30,Sunderland,0–1,Tottenham,40303.0,Stadium of Light,Craig Pawson,Match Report,
52,5.0,Sun,2015-09-13,16:00,Leicester City,3–2,Aston Villa,31733.0,King Power Stadium,Mike Dean,Match Report,
53,5.0,Mon,2015-09-14,20:00,West Ham,2–0,Newcastle Utd,34907.0,Boleyn Ground,Anthony Taylor,Match Report,
54,,,,,,,,,,,,
55,6.0,Sat,2015-09-19,12:45,Chelsea,2–0,Arsenal,41584.0,Stamford Bridge,Mike Dean,Match Report,
56,6.0,Sat,2015-09-19,15:00,Newcastle Utd,1–2,Watford,47806.0,St. James' Park,Roger East,Match Report,
57,6.0,Sat,2015-09-19,15:00,Swansea City,0–0,Everton,20805.0,Liberty Stadium,Stuart Attwell,Match Report,
58,6.0,Sat,2015-09-19,15:00,Aston Villa,0–1,West Brom,36321.0,Villa Park,Martin Atkinson,Match Report,
59,6.0,Sat,2015-09-19,15:00,Bournemouth,2–0,Sunderland,11271.0,Vitality Stadium,Kevin Friend,Match Report,
60,6.0,Sat,2015-09-19,15:00,Stoke City,2–2,Leicester City,27642.0,Bet365 Stadium,Andre Marriner,Match Report,
61,6.0,Sat,2015-09-19,17:30,Manchester City,1–2,West Ham,53545.0,Etihad Stadium,Robert Madley,Match Report,
62,6.0,Sun,2015-09-20,13:30,Tottenham,1–0,Crystal Palace,35723.0,White Hart Lane,Michael Oliver,Match Report,
63,6.0,Sun,2015-09-20,16:00,Liverpool,1–1,Norwich City,44072.0,Anfield,Anthony Taylor,Match Report,
64,6.0,Sun,2015-09-20,16:00,Southampton,2–3,Manchester Utd,31588.0,St. Mary's Stadium,Mark Clattenburg,Match Report,
65,,,,,,,,,,,,
66,7.0,Sat,2015-09-26,12:45,Tottenham,4–1,Manchester City,35867.0,White Hart Lane,Mark Clattenburg,Match Report,
67,7.0,Sat,2015-09-26,15:00,Stoke City,2–1,Bournemouth,27742.0,Bet365 Stadium,Lee Mason,Match Report,
68,7.0,Sat,2015-09-26,15:00,Manchester Utd,3–0,Sunderland,75328.0,Old Trafford,Mike Jones,Match Report,
69,7.0,Sat,2015-09-26,15:00,Leicester City,2–5,Arsenal,32047.0,King Power Stadium,Craig Pawson,Match Report,
70,7.0,Sat,2015-09-26,15:00,Southampton,3–1,Swansea City,30704.0,St. Mary's Stadium,Roger East,Match Report,
71,7.0,Sat,2015-09-26,15:00,Liverpool,3–2,Aston Villa,44228.0,Anfield,Jonathan Moss,Match Report,
72,7.0,Sat,2015-09-26,15:00,West Ham,2–2,Norwich City,34857.0,Boleyn Ground,Mike Dean,Match Report,
73,7.0,Sat,2015-09-26,17:30,Newcastle Utd,2–2,Chelsea,48682.0,St. James' Park,Martin Atkinson,Match Report,
74,7.0,Sun,2015-09-27,16:00,Watford,0–1,Crystal Palace,20168.0,Vicarage Road Stadium,Anthony Taylor,Match Report,
75,7.0,Mon,2015-09-28,20:00,West Brom,2–3,Everton,24240.0,The Hawthorns,Robert Madley,Match Report,
76,,,,,,,,,,,,
77,8.0,Sat,2015-10-03,12:45,Crystal Palace,2–0,West Brom,24033.0,Selhurst Park,Jonathan Moss,Match Report,
78,8.0,Sat,2015-10-03,15:00,Aston Villa,0–1,Stoke City,33189.0,Villa Park,Mike Jones,Match Report,
79,8.0,Sat,2015-10-03,15:00,Norwich City,1–2,Leicester City,27067.0,Carrow Road,Mark Clattenburg,Match Report,
80,8.0,Sat,2015-10-03,15:00,Manchester City,6–1,Newcastle Utd,53850.0,Etihad Stadium,Kevin Friend,Match Report,
81,8.0,Sat,2015-10-03,15:00,Sunderland,2–2,West Ham,42932.0,Stadium of Light,Niel Swarbrick,Match Report,
82,8.0,Sat,2015-10-03,15:00,Bournemouth,1–1,Watford,11187.0,Vitality Stadium,Michael Oliver,Match Report,
83,8.0,Sat,2015-10-03,17:30,Chelsea,1–3,Southampton,41642.0,Stamford Bridge,Robert Madley,Match Report,
84,8.0,Sun,2015-10-04,13:30,Everton,1–1,Liverpool,39598.0,Goodison Park,Martin Atkinson,Match Report,
85,8.0,Sun,2015-10-04,16:00,Arsenal,3–0,Manchester Utd,60084.0,Emirates Stadium,Anthony Taylor,Match Report,
86,8.0,Sun,2015-10-04,16:00,Swansea City,2–2,Tottenham,20845.0,Liberty Stadium,Mike Dean,Match Report,
87,,,,,,,,,,,,
88,9.0,Sat,2015-10-17,12:45,Tottenham,0–0,Liverpool,35926.0,White Hart Lane,Craig Pawson,Match Report,
89,9.0,Sat,2015-10-17,15:00,West Brom,1–0,Sunderland,24225.0,The Hawthorns,Martin Atkinson,Match Report,
90,9.0,Sat,2015-10-17,15:00,Southampton,2–2,Leicester City,30966.0,St. Mary's Stadium,Paul Tierney,Match Report,
91,9.0,Sat,2015-10-17,15:00,Chelsea,2–0,Aston Villa,41596.0,Stamford Bridge,Roger East,Match Report,
92,9.0,Sat,2015-10-17,15:00,Manchester City,5–1,Bournemouth,54502.0,Etihad Stadium,Mike Dean,Match Report,
93,9.0,Sat,2015-10-17,15:00,Crystal Palace,1–3,West Ham,24812.0,Selhurst Park,Mark Clattenburg,Match Report,
94,9.0,Sat,2015-10-17,15:00,Everton,0–3,Manchester Utd,39553.0,Goodison Park,Jonathan Moss,Match Report,
95,9.0,Sat,2015-10-17,17:30,Watford,0–3,Arsenal,20721.0,Vicarage Road Stadium,Mike Jones,Match Report,
96,9.0,Sun,2015-10-18,16:00,Newcastle Utd,6–2,Norwich City,47006.0,St. James' Park,Anthony Taylor,Match Report,
97,9.0,Mon,2015-10-19,20:00,Swansea City,0–1,Stoke City,20044.0,Liberty Stadium,Robert Madley,Match Report,
98,,,,,,,,,,,,
99,10.0,Sat,2015-10-24,15:00,Stoke City,0–2,Watford,27587.0,Bet365 Stadium,Martin Atkinson,Match Report,
100,10.0,Sat,2015-10-24,15:00,West Ham,2–1,Chelsea,34977.0,Boleyn Ground,Jonathan Moss,Match Report,
101,10.0,Sat,2015-10-24,15:00,Norwich City,0–1,West Brom,26983.0,Carrow Road,Kevin Friend,Match Report,
102,10.0,Sat,2015-10-24,15:00,Aston Villa,1–2,Swansea City,33324.0,Villa Park,Niel Swarbrick,Match Report,
103,10.0,Sat,2015-10-24,15:00,Leicester City,1–0,Crystal Palace,31752.0,King Power Stadium,Mike Dean,Match Report,
104,10.0,Sat,2015-10-24,17:30,Arsenal,2–1,Everton,59985.0,Emirates Stadium,Lee Mason,Match Report,
105,10.0,Sun,2015-10-25,12:00,Sunderland,3–0,Newcastle Utd,47653.0,Stadium of Light,Robert Madley,Match Report,
106,10.0,Sun,2015-10-25,14:05,Manchester Utd,0–0,Manchester City,75329.0,Old Trafford,Mark Clattenburg,Match Report,
107,10.0,Sun,2015-10-25,14:05,Bournemouth,1–5,Tottenham,11332.0,Vitality Stadium,Roger East,Match Report,
108,10.0,Sun,2015-10-25,16:15,Liverpool,1–1,Southampton,44171.0,Anfield,Andre Marriner,Match Report,
109,,,,,,,,,,,,
110,11.0,Sat,2015-10-31,12:45,Chelsea,1–3,Liverpool,41577.0,Stamford Bridge,Mark Clattenburg,Match Report,
111,11.0,Sat,2015-10-31,15:00,Crystal Palace,0–0,Manchester Utd,24854.0,Selhurst Park,Mike Jones,Match Report,
112,11.0,Sat,2015-10-31,15:00,Manchester City,2–1,Norwich City,53418.0,Etihad Stadium,Robert Madley,Match Report,
113,11.0,Sat,2015-10-31,15:00,Swansea City,0–3,Arsenal,20937.0,Liberty Stadium,Kevin Friend,Match Report,
114,11.0,Sat,2015-10-31,15:00,Newcastle Utd,0–0,Stoke City,47139.0,St. James' Park,Roger East,Match Report,
115,11.0,Sat,2015-10-31,15:00,West Brom,2–3,Leicester City,24150.0,The Hawthorns,Anthony Taylor,Match Report,
116,11.0,Sat,2015-10-31,15:00,Watford,2–0,West Ham,20598.0,Vicarage Road Stadium,Keith Stroud,Match Report,
117,11.0,Sun,2015-11-01,13:30,Everton,6–2,Sunderland,36617.0,Goodison Park,Andre Marriner,Match Report,
118,11.0,Sun,2015-11-01,16:00,Southampton,2–0,Bournemouth,31229.0,St. Mary's Stadium,Craig Pawson,Match Report,
119,11.0,Mon,2015-11-02,20:00,Tottenham,3–1,Aston Villa,34882.0,White Hart Lane,Mike Dean,Match Report,
120,,,,,,,,,,,,
121,12.0,Sat,2015-11-07,12:45,Bournemouth,0–1,Newcastle Utd,11155.0,Vitality Stadium,Lee Mason,Match Report,
122,12.0,Sat,2015-11-07,15:00,West Ham,1–1,Everton,34977.0,Boleyn Ground,Paul Tierney,Match Report,
123,12.0,Sat,2015-11-07,15:00,Sunderland,0–1,Southampton,41781.0,Stadium of Light,Mike Jones,Match Report,
124,12.0,Sat,2015-11-07,15:00,Leicester City,2–1,Watford,32029.0,King Power Stadium,Roger East,Match Report,
125,12.0,Sat,2015-11-07,15:00,Norwich City,1–0,Swansea City,27029.0,Carrow Road,Mark Clattenburg,Match Report,
126,12.0,Sat,2015-11-07,15:00,Manchester Utd,2–0,West Brom,75410.0,Old Trafford,Mike Dean,Match Report,
127,12.0,Sat,2015-11-07,17:30,Stoke City,1–0,Chelsea,27550.0,Bet365 Stadium,Anthony Taylor,Match Report,
128,12.0,Sun,2015-11-08,13:30,Aston Villa,0–0,Manchester City,36757.0,Villa Park,Craig Pawson,Match Report,
129,12.0,Sun,2015-11-08,16:00,Liverpool,1–2,Crystal Palace,44115.0,Anfield,Niel Swarbrick,Match Report,
130,12.0,Sun,2015-11-08,16:00,Arsenal,1–1,Tottenham,60060.0,Emirates Stadium,Martin Atkinson,Match Report,
131,,,,,,,,,,,,
132,13.0,Sat,2015-11-21,12:45,Watford,1–2,Manchester Utd,20702.0,Vicarage Road Stadium,Robert Madley,Match Report,
133,13.0,Sat,2015-11-21,15:00,Newcastle Utd,0–3,Leicester City,50151.0,St. James' Park,Mike Jones,Match Report,
134,13.0,Sat,2015-11-21,15:00,Swansea City,2–2,Bournemouth,20878.0,Liberty Stadium,Andre Marriner,Match Report,
135,13.0,Sat,2015-11-21,15:00,Southampton,0–1,Stoke City,30039.0,St. Mary's Stadium,Lee Mason,Match Report,
136,13.0,Sat,2015-11-21,15:00,Everton,4–0,Aston Villa,38424.0,Goodison Park,Michael Oliver,Match Report,
137,13.0,Sat,2015-11-21,15:00,Chelsea,1–0,Norwich City,41582.0,Stamford Bridge,Craig Pawson,Match Report,
138,13.0,Sat,2015-11-21,15:00,West Brom,2–1,Arsenal,24343.0,The Hawthorns,Mark Clattenburg,Match Report,
139,13.0,Sat,2015-11-21,17:30,Manchester City,1–4,Liverpool,54444.0,Etihad Stadium,Jonathan Moss,Match Report,
140,13.0,Sun,2015-11-22,16:00,Tottenham,4–1,West Ham,35968.0,White Hart Lane,Anthony Taylor,Match Report,
141,13.0,Mon,2015-11-23,20:00,Crystal Palace,0–1,Sunderland,24361.0,Selhurst Park,Martin Atkinson,Match Report,
142,,,,,,,,,,,,
143,14.0,Sat,2015-11-28,15:00,Sunderland,2–0,Stoke City,41516.0,Stadium of Light,Mike Dean,Match Report,
144,14.0,Sat,2015-11-28,15:00,Bournemouth,3–3,Everton,11228.0,Vitality Stadium,Kevin Friend,Match Report,
145,14.0,Sat,2015-11-28,15:00,Crystal Palace,5–1,Newcastle Utd,24833.0,Selhurst Park,Stuart Attwell,Match Report,
146,14.0,Sat,2015-11-28,15:00,Manchester City,3–1,Southampton,54102.0,Etihad Stadium,Roger East,Match Report,
147,14.0,Sat,2015-11-28,15:00,Aston Villa,2–3,Watford,35057.0,Villa Park,Lee Mason,Match Report,
148,14.0,Sat,2015-11-28,17:30,Leicester City,1–1,Manchester Utd,32115.0,King Power Stadium,Craig Pawson,Match Report,
149,14.0,Sun,2015-11-29,12:00,Tottenham,0–0,Chelsea,35639.0,White Hart Lane,Michael Oliver,Match Report,
150,14.0,Sun,2015-11-29,14:05,West Ham,1–1,West Brom,34914.0,Boleyn Ground,Martin Atkinson,Match Report,
151,14.0,Sun,2015-11-29,16:15,Liverpool,1–0,Swansea City,43905.0,Anfield,Anthony Taylor,Match Report,
152,14.0,Sun,2015-11-29,16:15,Norwich City,1–1,Arsenal,27091.0,Carrow Road,Jonathan Moss,Match Report,
153,,,,,,,,,,,,
154,15.0,Sat,2015-12-05,12:45,Stoke City,2–0,Manchester City,27264.0,Bet365 Stadium,Martin Atkinson,Match Report,
155,15.0,Sat,2015-12-05,15:00,Southampton,1–1,Aston Villa,29645.0,St. Mary's Stadium,Anthony Taylor,Match Report,
156,15.0,Sat,2015-12-05,15:00,Arsenal,3–1,Sunderland,59937.0,Emirates Stadium,Robert Madley,Match Report,
157,15.0,Sat,2015-12-05,15:00,West Brom,1–1,Tottenham,23602.0,The Hawthorns,Jonathan Moss,Match Report,
158,15.0,Sat,2015-12-05,15:00,Manchester Utd,0–0,West Ham,75350.0,Old Trafford,Mark Clattenburg,Match Report,
159,15.0,Sat,2015-12-05,15:00,Swansea City,0–3,Leicester City,20836.0,Liberty Stadium,Michael Oliver,Match Report,
160,15.0,Sat,2015-12-05,15:00,Watford,2–0,Norwich City,20422.0,Vicarage Road Stadium,Mike Dean,Match Report,
161,15.0,Sat,2015-12-05,17:30,Chelsea,0–1,Bournemouth,41631.0,Stamford Bridge,Mike Jones,Match Report,
162,15.0,Sun,2015-12-06,16:00,Newcastle Utd,2–0,Liverpool,51273.0,St. James' Park,Andre Marriner,Match Report,
163,15.0,Mon,2015-12-07,20:00,Everton,1–1,Crystal Palace,35736.0,Goodison Park,Craig Pawson,Match Report,
164,,,,,,,,,,,,
165,16.0,Sat,2015-12-12,12:45,Norwich City,1–1,Everton,27027.0,Carrow Road,Martin Atkinson,Match Report,
166,16.0,Sat,2015-12-12,15:00,West Ham,0–0,Stoke City,34857.0,Boleyn Ground,Andre Marriner,Match Report,
167,16.0,Sat,2015-12-12,15:00,Crystal Palace,1–0,Southampton,24914.0,Selhurst Park,Mike Dean,Match Report,
168,16.0,Sat,2015-12-12,15:00,Sunderland,0–1,Watford,43989.0,Stadium of Light,Graham Scott,Match Report,
169,16.0,Sat,2015-12-12,15:00,Manchester City,2–1,Swansea City,53052.0,Etihad Stadium,Robert Madley,Match Report,
170,16.0,Sat,2015-12-12,17:30,Bournemouth,2–1,Manchester Utd,11334.0,Vitality Stadium,Anthony Taylor,Match Report,
171,16.0,Sun,2015-12-13,13:30,Aston Villa,0–2,Arsenal,33285.0,Villa Park,Kevin Friend,Match Report,
172,16.0,Sun,2015-12-13,16:00,Liverpool,2–2,West Brom,44147.0,Anfield,Craig Pawson,Match Report,
173,16.0,Sun,2015-12-13,16:00,Tottenham,1–2,Newcastle Utd,35768.0,White Hart Lane,Roger East,Match Report,
174,16.0,Mon,2015-12-14,20:00,Leicester City,2–1,Chelsea,32054.0,King Power Stadium,Mark Clattenburg,Match Report,
175,,,,,,,,,,,,
176,17.0,Sat,2015-12-19,15:00,Stoke City,1–2,Crystal Palace,27500.0,Bet365 Stadium,Robert Madley,Match Report,
177,17.0,Sat,2015-12-19,15:00,West Brom,1–2,Bournemouth,26127.0,The Hawthorns,Mike Dean,Match Report,
178,17.0,Sat,2015-12-19,15:00,Southampton,0–2,Tottenham,31636.0,St. Mary's Stadium,Kevin Friend,Match Report,
179,17.0,Sat,2015-12-19,15:00,Everton,2–3,Leicester City,39570.0,Goodison Park,Jonathan Moss,Match Report,
180,17.0,Sat,2015-12-19,15:00,Chelsea,3–1,Sunderland,41562.0,Stamford Bridge,Roger East,Match Report,
181,17.0,Sat,2015-12-19,15:00,Manchester Utd,1–2,Norwich City,75320.0,Old Trafford,Michael Oliver,Match Report,
182,17.0,Sat,2015-12-19,17:30,Newcastle Utd,1–1,Aston Villa,48234.0,St. James' Park,Martin Atkinson,Match Report,
183,17.0,Sun,2015-12-20,13:30,Watford,3–0,Liverpool,20707.0,Vicarage Road Stadium,Mark Clattenburg,Match Report,
184,17.0,Sun,2015-12-20,16:00,Swansea City,0–0,West Ham,20661.0,Liberty Stadium,Lee Mason,Match Report,
185,17.0,Mon,2015-12-21,20:00,Arsenal,2–1,Manchester City,60053.0,Emirates Stadium,Andre Marriner,Match Report,
186,,,,,,,,,,,,
187,18.0,Sat,2015-12-26,12:45,Stoke City,2–0,Manchester Utd,27426.0,Bet365 Stadium,Kevin Friend,Match Report,
188,18.0,Sat,2015-12-26,15:00,Bournemouth,0–0,Crystal Palace,11218.0,Vitality Stadium,Michael Oliver,Match Report,
189,18.0,Sat,2015-12-26,15:00,Tottenham,3–0,Norwich City,35198.0,White Hart Lane,Mike Jones,Match Report,
190,18.0,Sat,2015-12-26,15:00,Manchester City,4–1,Sunderland,54523.0,Etihad Stadium,Anthony Taylor,Match Report,
191,18.0,Sat,2015-12-26,15:00,Swansea City,1–0,West Brom,20789.0,Liberty Stadium,Roger East,Match Report,
192,18.0,Sat,2015-12-26,15:00,Liverpool,1–0,Leicester City,44123.0,Anfield,Martin Atkinson,Match Report,
193,18.0,Sat,2015-12-26,15:00,Chelsea,2–2,Watford,41620.0,Stamford Bridge,Andre Marriner,Match Report,
194,18.0,Sat,2015-12-26,15:00,Aston Villa,1–1,West Ham,38193.0,Villa Park,Mike Dean,Match Report,
195,18.0,Sat,2015-12-26,17:30,Newcastle Utd,0–1,Everton,51682.0,St. James' Park,Lee Mason,Match Report,
196,18.0,Sat,2015-12-26,19:45,Southampton,4–0,Arsenal,31669.0,St. Mary's Stadium,Jonathan Moss,Match Report,
197,,,,,,,,,,,,
198,19.0,Mon,2015-12-28,15:00,Watford,1–2,Tottenham,20730.0,Vicarage Road Stadium,Anthony Taylor,Match Report,
199,19.0,Mon,2015-12-28,15:00,West Brom,1–0,Newcastle Utd,26313.0,The Hawthorns,Mike Jones,Match Report,
200,19.0,Mon,2015-12-28,15:00,Everton,3–4,Stoke City,39340.0,Goodison Park,Mark Clattenburg,Match Report,
201,19.0,Mon,2015-12-28,15:00,Norwich City,2–0,Aston Villa,27071.0,Carrow Road,Graham Scott,Match Report,
202,19.0,Mon,2015-12-28,15:00,Crystal Palace,0–0,Swansea City,23714.0,Selhurst Park,Niel Swarbrick,Match Report,
203,19.0,Mon,2015-12-28,17:30,West Ham,2–1,Southampton,34977.0,Boleyn Ground,Michael Oliver,Match Report,
204,19.0,Mon,2015-12-28,17:30,Arsenal,2–0,Bournemouth,59983.0,Emirates Stadium,Roger East,Match Report,
205,19.0,Mon,2015-12-28,17:30,Manchester Utd,0–0,Chelsea,75275.0,Old Trafford,Martin Atkinson,Match Report,
206,19.0,Tue,2015-12-29,19:45,Leicester City,0–0,Manchester City,32072.0,King Power Stadium,Craig Pawson,Match Report,
207,19.0,Wed,2015-12-30,19:45,Sunderland,0–1,Liverpool,45765.0,Stadium of Light,Kevin Friend,Match Report,
208,,,,,,,,,,,,
209,20.0,Sat,2016-01-02,12:45,West Ham,2–0,Liverpool,34977.0,Boleyn Ground,Robert Madley,Match Report,
210,20.0,Sat,2016-01-02,15:00,Norwich City,1–0,Southampton,27022.0,Carrow Road,Mark Clattenburg,Match Report,
211,20.0,Sat,2016-01-02,15:00,Manchester Utd,2–1,Swansea City,75415.0,Old Trafford,Jonathan Moss,Match Report,
212,20.0,Sat,2016-01-02,15:00,Arsenal,1–0,Newcastle Utd,59257.0,Emirates Stadium,Anthony Taylor,Match Report,
213,20.0,Sat,2016-01-02,15:00,West Brom,2–1,Stoke City,23218.0,The Hawthorns,Lee Mason,Match Report,
214,20.0,Sat,2016-01-02,15:00,Sunderland,3–1,Aston Villa,41535.0,Stadium of Light,Craig Pawson,Match Report,
215,20.0,Sat,2016-01-02,15:00,Leicester City,0–0,Bournemouth,32006.0,King Power Stadium,Andre Marriner,Match Report,
216,20.0,Sat,2016-01-02,17:30,Watford,1–2,Manchester City,20676.0,Vicarage Road Stadium,Martin Atkinson,Match Report,
217,20.0,Sun,2016-01-03,13:30,Crystal Palace,0–3,Chelsea,24854.0,Selhurst Park,Kevin Friend,Match Report,
218,20.0,Sun,2016-01-03,16:00,Everton,1–1,Tottenham,38482.0,Goodison Park,Michael Oliver,Match Report,
219,,,,,,,,,,,,
220,21.0,Tue,2016-01-12,19:45,Aston Villa,1–0,Crystal Palace,28245.0,Villa Park,Mark Clattenburg,Match Report,
221,21.0,Tue,2016-01-12,19:45,Newcastle Utd,3–3,Manchester Utd,49673.0,St. James' Park,Mike Dean,Match Report,
222,21.0,Tue,2016-01-12,19:45,Bournemouth,1–3,West Ham,11071.0,Vitality Stadium,Martin Atkinson,Match Report,
223,21.0,Wed,2016-01-13,19:45,Swansea City,2–4,Sunderland,20140.0,Liberty Stadium,Graham Scott,Match Report,
224,21.0,Wed,2016-01-13,19:45,Stoke City,3–1,Norwich City,27274.0,Bet365 Stadium,Niel Swarbrick,Match Report,
225,21.0,Wed,2016-01-13,19:45,Southampton,2–0,Watford,28399.0,St. Mary's Stadium,Craig Pawson,Match Report,
226,21.0,Wed,2016-01-13,19:45,Chelsea,2–2,West Brom,40945.0,Stamford Bridge,Anthony Taylor,Match Report,
227,21.0,Wed,2016-01-13,19:45,Manchester City,0–0,Everton,53796.0,Etihad Stadium,Roger East,Match Report,
228,21.0,Wed,2016-01-13,20:00,Tottenham,0–1,Leicester City,35850.0,White Hart Lane,Lee Mason,Match Report,
229,21.0,Wed,2016-01-13,20:00,Liverpool,3–3,Arsenal,44109.0,Anfield,Mike Jones,Match Report,
230,,,,,,,,,,,,
231,22.0,Sat,2016-01-16,12:45,Tottenham,4–1,Sunderland,35854.0,White Hart Lane,Mike Dean,Match Report,
232,22.0,Sat,2016-01-16,15:00,Bournemouth,3–0,Norwich City,11065.0,Vitality Stadium,Robert Madley,Match Report,
233,22.0,Sat,2016-01-16,15:00,Southampton,3–0,West Brom,29622.0,St. Mary's Stadium,Martin Atkinson,Match Report,
234,22.0,Sat,2016-01-16,15:00,Chelsea,3–3,Everton,41633.0,Stamford Bridge,Mike Jones,Match Report,
235,22.0,Sat,2016-01-16,15:00,Newcastle Utd,2–1,West Ham,50031.0,St. James' Park,Niel Swarbrick,Match Report,
236,22.0,Sat,2016-01-16,15:00,Manchester City,4–0,Crystal Palace,53983.0,Etihad Stadium,Jonathan Moss,Match Report,
237,22.0,Sat,2016-01-16,17:30,Aston Villa,1–1,Leicester City,32763.0,Villa Park,Roger East,Match Report,
238,22.0,Sun,2016-01-17,14:05,Liverpool,0–1,Manchester Utd,43865.0,Anfield,Mark Clattenburg,Match Report,
239,22.0,Sun,2016-01-17,16:15,Stoke City,0–0,Arsenal,27683.0,Bet365 Stadium,Craig Pawson,Match Report,
240,22.0,Mon,2016-01-18,20:00,Swansea City,1–0,Watford,20430.0,Liberty Stadium,Michael Oliver,Match Report,
241,,,,,,,,,,,,
242,23.0,Sat,2016-01-23,12:45,Norwich City,4–5,Liverpool,27108.0,Carrow Road,Lee Mason,Match Report,
243,23.0,Sat,2016-01-23,15:00,Manchester Utd,0–1,Southampton,75408.0,Old Trafford,Mike Jones,Match Report,
244,23.0,Sat,2016-01-23,15:00,Watford,2–1,Newcastle Utd,20611.0,Vicarage Road Stadium,Andre Marriner,Match Report,
245,23.0,Sat,2016-01-23,15:00,Leicester City,3–0,Stoke City,32018.0,King Power Stadium,Mike Dean,Match Report,
246,23.0,Sat,2016-01-23,15:00,Sunderland,1–1,Bournemouth,41367.0,Stadium of Light,Roger East,Match Report,
247,23.0,Sat,2016-01-23,15:00,West Brom,0–0,Aston Villa,26165.0,The Hawthorns,Robert Madley,Match Report,
248,23.0,Sat,2016-01-23,15:00,Crystal Palace,1–3,Tottenham,28467.0,Selhurst Park,Martin Atkinson,Match Report,
249,23.0,Sat,2016-01-23,17:30,West Ham,2–2,Manchester City,34977.0,Boleyn Ground,Craig Pawson,Match Report,
250,23.0,Sun,2016-01-24,13:30,Everton,1–2,Swansea City,36908.0,Goodison Park,Anthony Taylor,Match Report,
251,23.0,Sun,2016-01-24,16:00,Arsenal,0–1,Chelsea,60072.0,Emirates Stadium,Mark Clattenburg,Match Report,
252,,,,,,,,,,,,
253,24.0,Tue,2016-02-02,19:45,Sunderland,0–1,Manchester City,38852.0,Stadium of Light,Stuart Attwell,Match Report,
254,24.0,Tue,2016-02-02,19:45,West Ham,2–0,Aston Villa,34914.0,Boleyn Ground,Jonathan Moss,Match Report,
255,24.0,Tue,2016-02-02,19:45,Leicester City,2–0,Liverpool,32121.0,King Power Stadium,Andre Marriner,Match Report,
256,24.0,Tue,2016-02-02,19:45,Arsenal,0–0,Southampton,60044.0,Emirates Stadium,Lee Mason,Match Report,
257,24.0,Tue,2016-02-02,19:45,Norwich City,0–3,Tottenham,27067.0,Carrow Road,Kevin Friend,Match Report,
258,24.0,Tue,2016-02-02,20:00,Manchester Utd,3–0,Stoke City,75234.0,Old Trafford,Roger East,Match Report,
259,24.0,Tue,2016-02-02,20:00,Crystal Palace,1–2,Bournemouth,24855.0,Selhurst Park,Mike Jones,Match Report,
260,24.0,Tue,2016-02-02,20:00,West Brom,1–1,Swansea City,22062.0,The Hawthorns,Niel Swarbrick,Match Report,
261,24.0,Wed,2016-02-03,19:45,Watford,0–0,Chelsea,20910.0,Vicarage Road Stadium,Mike Dean,Match Report,
262,24.0,Wed,2016-02-03,19:45,Everton,3–0,Newcastle Utd,36061.0,Goodison Park,Craig Pawson,Match Report,
263,,,,,,,,,,,,
264,25.0,Sat,2016-02-06,12:45,Manchester City,1–3,Leicester City,54693.0,Etihad Stadium,Anthony Taylor,Match Report,
265,25.0,Sat,2016-02-06,15:00,Stoke City,0–3,Everton,27733.0,Bet365 Stadium,Andre Marriner,Match Report,
266,25.0,Sat,2016-02-06,15:00,Swansea City,1–1,Crystal Palace,20492.0,Liberty Stadium,Mike Dean,Match Report,
267,25.0,Sat,2016-02-06,15:00,Liverpool,2–2,Sunderland,44179.0,Anfield,Robert Madley,Match Report,
268,25.0,Sat,2016-02-06,15:00,Tottenham,1–0,Watford,35997.0,White Hart Lane,Roger East,Match Report,
269,25.0,Sat,2016-02-06,15:00,Newcastle Utd,1–0,West Brom,50152.0,St. James' Park,Lee Mason,Match Report,
270,25.0,Sat,2016-02-06,15:00,Aston Villa,2–0,Norwich City,32472.0,Villa Park,Martin Atkinson,Match Report,
271,25.0,Sat,2016-02-06,17:30,Southampton,1–0,West Ham,29161.0,St. Mary's Stadium,Mark Clattenburg,Match Report,
272,25.0,Sun,2016-02-07,13:30,Bournemouth,0–2,Arsenal,11357.0,Vitality Stadium,Kevin Friend,Match Report,
273,25.0,Sun,2016-02-07,16:00,Chelsea,1–1,Manchester Utd,41434.0,Stamford Bridge,Michael Oliver,Match Report,
274,,,,,,,,,,,,
275,26.0,Sat,2016-02-13,12:45,Sunderland,2–1,Manchester Utd,41687.0,Stadium of Light,Andre Marriner,Match Report,
276,26.0,Sat,2016-02-13,15:00,Swansea City,0–1,Southampton,20890.0,Liberty Stadium,Jonathan Moss,Match Report,
277,26.0,Sat,2016-02-13,15:00,Crystal Palace,1–2,Watford,24564.0,Selhurst Park,Robert Madley,Match Report,
278,26.0,Sat,2016-02-13,15:00,Everton,0–1,West Brom,38103.0,Goodison Park,Michael Oliver,Match Report,
279,26.0,Sat,2016-02-13,15:00,Norwich City,2–2,West Ham,27101.0,Carrow Road,Mike Jones,Match Report,
280,26.0,Sat,2016-02-13,15:00,Bournemouth,1–3,Stoke City,10863.0,Vitality Stadium,Graham Scott,Match Report,
281,26.0,Sat,2016-02-13,17:30,Chelsea,5–1,Newcastle Utd,41622.0,Stamford Bridge,Roger East,Match Report,
282,26.0,Sun,2016-02-14,12:00,Arsenal,2–1,Leicester City,60009.0,Emirates Stadium,Martin Atkinson,Match Report,
283,26.0,Sun,2016-02-14,14:05,Aston Villa,0–6,Liverpool,35798.0,Villa Park,Niel Swarbrick,Match Report,
284,26.0,Sun,2016-02-14,16:15,Manchester City,1–2,Tottenham,54551.0,Etihad Stadium,Mark Clattenburg,Match Report,
285,,,,,,,,,,,,
286,27.0,Sat,2016-02-27,12:45,West Ham,1–0,Sunderland,34946.0,Boleyn Ground,Mike Dean,Match Report,
287,27.0,Sat,2016-02-27,15:00,Leicester City,1–0,Norwich City,32114.0,King Power Stadium,Niel Swarbrick,Match Report,
288,27.0,Sat,2016-02-27,15:00,Stoke City,2–1,Aston Villa,27703.0,Bet365 Stadium,Kevin Friend,Match Report,
289,27.0,Sat,2016-02-27,15:00,Watford,0–0,Bournemouth,20831.0,Vicarage Road Stadium,Anthony Taylor,Match Report,
290,27.0,Sat,2016-02-27,15:00,Southampton,1–2,Chelsea,31688.0,St. Mary's Stadium,Martin Atkinson,Match Report,
291,27.0,Sat,2016-02-27,17:30,West Brom,3–2,Crystal Palace,24806.0,The Hawthorns,Jonathan Moss,Match Report,
292,27.0,Sun,2016-02-28,14:05,Manchester Utd,3–2,Arsenal,75329.0,Old Trafford,Craig Pawson,Match Report,
293,27.0,Sun,2016-02-28,14:05,Tottenham,2–1,Swansea City,35922.0,White Hart Lane,Mike Jones,Match Report,
294,,,,,,,,,,,,
295,28.0,Tue,2016-03-01,19:45,Leicester City,2–2,West Brom,32018.0,King Power Stadium,Mark Clattenburg,Match Report,
296,28.0,Tue,2016-03-01,19:45,Norwich City,1–2,Chelsea,27091.0,Carrow Road,Lee Mason,Match Report,
297,28.0,Tue,2016-03-01,19:45,Aston Villa,1–3,Everton,29755.0,Villa Park,Roger East,Match Report,
298,28.0,Tue,2016-03-01,19:45,Bournemouth,2–0,Southampton,11033.0,Vitality Stadium,Mike Dean,Match Report,
299,28.0,Tue,2016-03-01,19:45,Sunderland,2–2,Crystal Palace,39795.0,Stadium of Light,Anthony Taylor,Match Report,
300,28.0,Wed,2016-03-02,19:45,Stoke City,1–0,Newcastle Utd,27331.0,Bet365 Stadium,Niel Swarbrick,Match Report,
301,28.0,Wed,2016-03-02,19:45,West Ham,1–0,Tottenham,34977.0,Boleyn Ground,Andre Marriner,Match Report,
302,28.0,Wed,2016-03-02,19:45,Arsenal,1–2,Swansea City,59905.0,Emirates Stadium,Robert Madley,Match Report,
303,28.0,Wed,2016-03-02,20:00,Manchester Utd,1–0,Watford,75272.0,Old Trafford,Mike Jones,Match Report,
304,28.0,Wed,2016-03-02,20:00,Liverpool,3–0,Manchester City,43597.0,Anfield,Martin Atkinson,Match Report,
305,,,,,,,,,,,,
306,29.0,Sat,2016-03-05,12:45,Tottenham,2–2,Arsenal,35762.0,White Hart Lane,Michael Oliver,Match Report,
307,29.0,Sat,2016-03-05,15:00,Swansea City,1–0,Norwich City,20929.0,Liberty Stadium,Craig Pawson,Match Report,
308,29.0,Sat,2016-03-05,15:00,Manchester City,4–0,Aston Villa,53892.0,Etihad Stadium,Lee Mason,Match Report,
309,29.0,Sat,2016-03-05,15:00,Everton,2–3,West Ham,39000.0,Goodison Park,Anthony Taylor,Match Report,
310,29.0,Sat,2016-03-05,15:00,Newcastle Utd,1–3,Bournemouth,52107.0,St. James' Park,Paul Tierney,Match Report,
311,29.0,Sat,2016-03-05,15:00,Southampton,1–1,Sunderland,31458.0,St. Mary's Stadium,Niel Swarbrick,Match Report,
312,29.0,Sat,2016-03-05,15:00,Chelsea,1–1,Stoke City,41381.0,Stamford Bridge,Mark Clattenburg,Match Report,
313,29.0,Sat,2016-03-05,17:30,Watford,0–1,Leicester City,20884.0,Vicarage Road Stadium,Jonathan Moss,Match Report,
314,29.0,Sun,2016-03-06,13:30,Crystal Palace,1–2,Liverpool,24709.0,Selhurst Park,Andre Marriner,Match Report,
315,29.0,Sun,2016-03-06,16:00,West Brom,1–0,Manchester Utd,24878.0,The Hawthorns,Mike Dean,Match Report,
316,,,,,,,,,,,,
317,30.0,Sat,2016-03-12,12:45,Norwich City,0–0,Manchester City,26323.0,Carrow Road,Jonathan Moss,Match Report,
318,30.0,Sat,2016-03-12,15:00,Bournemouth,3–2,Swansea City,11179.0,Vitality Stadium,Roger East,Match Report,
319,30.0,Sat,2016-03-12,15:00,Stoke City,1–2,Southampton,27833.0,Bet365 Stadium,Lee Mason,Match Report,
320,30.0,Sun,2016-03-13,16:00,Aston Villa,0–2,Tottenham,32393.0,Villa Park,Anthony Taylor,Match Report,
321,30.0,Mon,2016-03-14,20:00,Leicester City,1–0,Newcastle Utd,31824.0,King Power Stadium,Craig Pawson,Match Report,
322,,,,,,,,,,,,
323,31.0,Sat,2016-03-19,12:45,Everton,0–2,Arsenal,39270.0,Goodison Park,Mark Clattenburg,Match Report,
324,31.0,Sat,2016-03-19,15:00,Watford,1–2,Stoke City,20759.0,Vicarage Road Stadium,Craig Pawson,Match Report,
325,31.0,Sat,2016-03-19,15:00,Chelsea,2–2,West Ham,41623.0,Stamford Bridge,Robert Madley,Match Report,
326,31.0,Sat,2016-03-19,15:00,Crystal Palace,0–1,Leicester City,25041.0,Selhurst Park,Mike Jones,Match Report,
327,31.0,Sat,2016-03-19,15:00,West Brom,0–1,Norwich City,25039.0,The Hawthorns,Anthony Taylor,Match Report,
328,31.0,Sat,2016-03-19,17:30,Swansea City,1–0,Aston Villa,20454.0,Liberty Stadium,Mike Dean,Match Report,
329,31.0,Sun,2016-03-20,13:30,Newcastle Utd,1–1,Sunderland,52311.0,St. James' Park,Martin Atkinson,Match Report,
330,31.0,Sun,2016-03-20,13:30,Southampton,3–2,Liverpool,31596.0,St. Mary's Stadium,Roger East,Match Report,
331,31.0,Sun,2016-03-20,16:00,Tottenham,3–0,Bournemouth,36084.0,White Hart Lane,Niel Swarbrick,Match Report,
332,31.0,Sun,2016-03-20,16:00,Manchester City,0–1,Manchester Utd,54557.0,Etihad Stadium,Michael Oliver,Match Report,
333,,,,,,,,,,,,
334,32.0,Sat,2016-04-02,12:45,Aston Villa,0–4,Chelsea,31120.0,Villa Park,Niel Swarbrick,Match Report,
335,32.0,Sat,2016-04-02,15:00,Arsenal,4–0,Watford,59981.0,Emirates Stadium,Anthony Taylor,Match Report,
336,32.0,Sat,2016-04-02,15:00,Norwich City,3–2,Newcastle Utd,27137.0,Carrow Road,Mike Dean,Match Report,
337,32.0,Sat,2016-04-02,15:00,Stoke City,2–2,Swansea City,27649.0,Bet365 Stadium,Martin Atkinson,Match Report,
338,32.0,Sat,2016-04-02,15:00,West Ham,2–2,Crystal Palace,34857.0,Boleyn Ground,Mark Clattenburg,Match Report,
339,32.0,Sat,2016-04-02,15:00,Sunderland,0–0,West Brom,45144.0,Stadium of Light,Roger East,Match Report,
340,32.0,Sat,2016-04-02,15:00,Bournemouth,0–4,Manchester City,11192.0,Vitality Stadium,Robert Madley,Match Report,
341,32.0,Sat,2016-04-02,17:30,Liverpool,1–1,Tottenham,44062.0,Anfield,Jonathan Moss,Match Report,
342,32.0,Sun,2016-04-03,13:30,Leicester City,1–0,Southampton,32071.0,King Power Stadium,Michael Oliver,Match Report,
343,32.0,Sun,2016-04-03,16:00,Manchester Utd,1–0,Everton,75341.0,Old Trafford,Andre Marriner,Match Report,
344,,,,,,,,,,,,
345,33.0,Sat,2016-04-09,12:45,West Ham,3–3,Arsenal,34977.0,Boleyn Ground,Craig Pawson,Match Report,
346,33.0,Sat,2016-04-09,15:00,Crystal Palace,1–0,Norwich City,24960.0,Selhurst Park,Michael Oliver,Match Report,
347,33.0,Sat,2016-04-09,15:00,Swansea City,1–0,Chelsea,20966.0,Liberty Stadium,Andre Marriner,Match Report,
348,33.0,Sat,2016-04-09,15:00,Southampton,3–1,Newcastle Utd,31542.0,St. Mary's Stadium,Robert Madley,Match Report,
349,33.0,Sat,2016-04-09,15:00,Aston Villa,1–2,Bournemouth,31057.0,Villa Park,Martin Atkinson,Match Report,
350,33.0,Sat,2016-04-09,15:00,Watford,1–1,Everton,20663.0,Vicarage Road Stadium,Kevin Friend,Match Report,
351,33.0,Sat,2016-04-09,17:30,Manchester City,2–1,West Brom,53920.0,Etihad Stadium,Mike Jones,Match Report,
352,33.0,Sun,2016-04-10,13:30,Sunderland,0–2,Leicester City,46531.0,Stadium of Light,Anthony Taylor,Match Report,
353,33.0,Sun,2016-04-10,16:00,Tottenham,3–0,Manchester Utd,35761.0,White Hart Lane,Mike Dean,Match Report,
354,33.0,Sun,2016-04-10,16:00,Liverpool,4–1,Stoke City,43688.0,Anfield,Mark Clattenburg,Match Report,
355,,,,,,,,,,,,
356,35.0,Wed,2016-04-13,20:00,Crystal Palace,0–0,Everton,23528.0,Selhurst Park,Mike Jones,Match Report,
357,,,,,,,,,,,,
358,34.0,Sat,2016-04-16,12:45,Norwich City,0–3,Sunderland,27117.0,Carrow Road,Andre Marriner,Match Report,
359,34.0,Sat,2016-04-16,15:00,Newcastle Utd,3–0,Swansea City,48949.0,St. James' Park,Lee Mason,Match Report,
360,34.0,Sat,2016-04-16,15:00,Everton,1–1,Southampton,36761.0,Goodison Park,Craig Pawson,Match Report,
361,34.0,Sat,2016-04-16,15:00,Manchester Utd,1–0,Aston Villa,75411.0,Old Trafford,Kevin Friend,Match Report,
362,34.0,Sat,2016-04-16,15:00,West Brom,0–1,Watford,25515.0,The Hawthorns,Michael Oliver,Match Report,
363,34.0,Sat,2016-04-16,17:30,Chelsea,0–3,Manchester City,41212.0,Stamford Bridge,Mike Dean,Match Report,
364,34.0,Sun,2016-04-17,13:30,Bournemouth,1–2,Liverpool,11386.0,Vitality Stadium,Mike Jones,Match Report,
365,34.0,Sun,2016-04-17,13:30,Leicester City,2–2,West Ham,32104.0,King Power Stadium,Jonathan Moss,Match Report,
366,34.0,Sun,2016-04-17,16:00,Arsenal,1–1,Crystal Palace,59961.0,Emirates Stadium,Roger East,Match Report,
367,34.0,Mon,2016-04-18,20:00,Stoke City,0–4,Tottenham,27442.0,Bet365 Stadium,Niel Swarbrick,Match Report,
368,,,,,,,,,,,,
369,27.0,Tue,2016-04-19,19:45,Newcastle Utd,1–1,Manchester City,46424.0,St. James' Park,Kevin Friend,Match Report,
370,,,,,,,,,,,,
371,30.0,Wed,2016-04-20,19:45,West Ham,3–1,Watford,34857.0,Boleyn Ground,Mike Dean,Match Report,
372,,,,,,,,,,,,
373,27.0,Wed,2016-04-20,20:00,Liverpool,4–0,Everton,43854.0,Anfield,Robert Madley,Match Report,
374,,,,,,,,,,,,
375,30.0,Wed,2016-04-20,20:00,Manchester Utd,2–0,Crystal Palace,75277.0,Old Trafford,Lee Mason,Match Report,
376,30.0,Thu,2016-04-21,19:45,Arsenal,2–0,West Brom,59568.0,Emirates Stadium,Jonathan Moss,Match Report,
377,,,,,,,,,,,,
378,35.0,Sat,2016-04-23,12:45,Manchester City,4–0,Stoke City,53974.0,Etihad Stadium,Robert Madley,Match Report,
379,35.0,Sat,2016-04-23,15:00,Aston Villa,2–4,Southampton,29729.0,Villa Park,Niel Swarbrick,Match Report,
380,35.0,Sat,2016-04-23,15:00,Bournemouth,1–4,Chelsea,11365.0,Vitality Stadium,Roger East,Match Report,
381,35.0,Sat,2016-04-23,15:00,Liverpool,2–2,Newcastle Utd,43837.0,Anfield,Andre Marriner,Match Report,
382,35.0,Sun,2016-04-24,14:05,Sunderland,0–0,Arsenal,45420.0,Stadium of Light,Mike Dean,Match Report,
383,35.0,Sun,2016-04-24,16:15,Leicester City,4–0,Swansea City,31962.0,King Power Stadium,Mark Clattenburg,Match Report,
384,35.0,Mon,2016-04-25,20:00,Tottenham,1–1,West Brom,35923.0,White Hart Lane,Mike Jones,Match Report,
385,,,,,,,,,,,,
386,36.0,Sat,2016-04-30,15:00,Everton,2–1,Bournemouth,38345.0,Goodison Park,Niel Swarbrick,Match Report,
387,36.0,Sat,2016-04-30,15:00,Watford,3–2,Aston Villa,20653.0,Vicarage Road Stadium,Anthony Taylor,Match Report,
388,36.0,Sat,2016-04-30,15:00,West Brom,0–3,West Ham,25031.0,The Hawthorns,Lee Mason,Match Report,
389,36.0,Sat,2016-04-30,15:00,Stoke City,1–1,Sunderland,27667.0,Bet365 Stadium,Craig Pawson,Match Report,
390,36.0,Sat,2016-04-30,15:00,Newcastle Utd,1–0,Crystal Palace,52107.0,St. James' Park,Mike Dean,Match Report,
391,36.0,Sat,2016-04-30,17:30,Arsenal,1–0,Norwich City,59989.0,Emirates Stadium,Mike Jones,Match Report,
392,36.0,Sun,2016-05-01,12:00,Swansea City,3–1,Liverpool,20972.0,Liberty Stadium,Roger East,Match Report,
393,36.0,Sun,2016-05-01,14:05,Manchester Utd,1–1,Leicester City,75275.0,Old Trafford,Michael Oliver,Match Report,
394,36.0,Sun,2016-05-01,16:30,Southampton,4–2,Manchester City,31472.0,St. Mary's Stadium,Andre Marriner,Match Report,
395,36.0,Mon,2016-05-02,20:00,Chelsea,2–2,Tottenham,41545.0,Stamford Bridge,Mark Clattenburg,Match Report,
396,,,,,,,,,,,,
397,37.0,Sat,2016-05-07,12:45,Norwich City,0–1,Manchester Utd,27132.0,Carrow Road,Craig Pawson,Match Report,
398,37.0,Sat,2016-05-07,15:00,Bournemouth,1–1,West Brom,11040.0,Vitality Stadium,Mark Clattenburg,Match Report,
399,37.0,Sat,2016-05-07,15:00,Sunderland,3–2,Chelsea,47050.0,Stadium of Light,Mike Jones,Match Report,
400,37.0,Sat,2016-05-07,15:00,Aston Villa,0–0,Newcastle Utd,33055.0,Villa Park,Robert Madley,Match Report,
401,37.0,Sat,2016-05-07,15:00,West Ham,1–4,Swansea City,34907.0,Boleyn Ground,Michael Oliver,Match Report,
402,37.0,Sat,2016-05-07,15:00,Crystal Palace,2–1,Stoke City,23990.0,Selhurst Park,Kevin Friend,Match Report,
403,37.0,Sat,2016-05-07,17:30,Leicester City,3–1,Everton,32140.0,King Power Stadium,Andre Marriner,Match Report,
404,37.0,Sun,2016-05-08,13:30,Tottenham,1–2,Southampton,35748.0,White Hart Lane,Jonathan Moss,Match Report,
405,37.0,Sun,2016-05-08,16:00,Liverpool,2–0,Watford,43341.0,Anfield,Lee Mason,Match Report,
406,37.0,Sun,2016-05-08,16:00,Manchester City,2–2,Arsenal,54425.0,Etihad Stadium,Anthony Taylor,Match Report,
407,,,,,,,,,,,,
408,35.0,Tue,2016-05-10,20:30,West Ham,3–2,Manchester Utd,34602.0,Boleyn Ground,Mike Dean,Match Report,
409,,,,,,,,,,,,
410,30.0,Wed,2016-05-11,19:45,Sunderland,3–0,Everton,46454.0,Stadium of Light,Anthony Taylor,Match Report,
411,,,,,,,,,,,,
412,35.0,Wed,2016-05-11,19:45,Norwich City,4–2,Watford,26279.0,Carrow Road,Roger East,Match Report,
413,,,,,,,,,,,,
414,30.0,Wed,2016-05-11,20:00,Liverpool,1–1,Chelsea,43210.0,Anfield,Michael Oliver,Match Report,
415,,,,,,,,,,,,
416,38.0,Sun,2016-05-15,15:00,Southampton,4–1,Crystal Palace,31313.0,St. Mary's Stadium,Michael Oliver,Match Report,
417,38.0,Sun,2016-05-15,15:00,Newcastle Utd,5–1,Tottenham,52183.0,St. James' Park,Anthony Taylor,Match Report,
418,38.0,Sun,2016-05-15,15:00,Swansea City,1–1,Manchester City,20934.0,Liberty Stadium,Mike Dean,Match Report,
419,38.0,Sun,2016-05-15,15:00,West Brom,1–1,Liverpool,26196.0,The Hawthorns,Robert Madley,Match Report,
420,38.0,Sun,2016-05-15,15:00,Watford,2–2,Sunderland,21012.0,Vicarage Road Stadium,Kevin Friend,Match Report,
421,38.0,Sun,2016-05-15,15:00,Chelsea,1–1,Leicester City,41494.0,Stamford Bridge,Craig Pawson,Match Report,
422,38.0,Sun,2016-05-15,15:00,Everton,3–0,Norwich City,36691.0,Goodison Park,Lee Mason,Match Report,
423,38.0,Sun,2016-05-15,15:00,Arsenal,4–0,Aston Villa,60007.0,Emirates Stadium,Mark Clattenburg,Match Report,
424,38.0,Sun,2016-05-15,15:00,Stoke City,2–1,West Ham,27721.0,Bet365 Stadium,Mike Jones,Match Report,
425,38.0,Tue,2016-05-17,20:00,Manchester Utd,3–1,Bournemouth,74363.0,Old Trafford,Jonathan Moss,Match Report,
